{
    "worldPos": {
        "x": -7.489999771118164,
        "y": 1.6999998092651368,
        "z": -7.489999771118164
    },
    "localPos": {
        "x": -3.6404287815093996,
        "y": -4.641209602355957,
        "z": -12.544641494750977
    },
    "worldRot": {
        "x": 0.0,
        "y": 44.999996185302737,
        "z": 0.0
    },
    "localRot": {
        "x": 0.0,
        "y": 44.999996185302737,
        "z": 0.0
    },
    "localScale": {
        "x": 1.0,
        "y": 1.0,
        "z": 1.0
    },
    "fieldOfView": 60.000003814697269,
    "nearClippingPLane": 0.30000001192092898,
    "farClippingPlane": 1000.0,
    "iso": 200,
    "shutterSpeed": 0.004999999888241291,
    "aperture": 16.0,
    "focusDistance": 10.0,
    "bladeCount": 5,
    "curvature": {
        "x": 2.0,
        "y": 11.0
    },
    "barrelClipping": 0.25,
    "anamorphism": 0.0,
    "sensorSize": {
        "x": 36.0,
        "y": 24.0
    },
    "lensShift": {
        "x": 0.0,
        "y": 0.0
    }
}